-- Insert demo users
INSERT INTO users (
  first_name,
  last_name,
  email,
  password,
  role,
  avatar,
  phone,
  department,
  last_login,
  is_active,
  created_at,
  updated_at
) VALUES
(
  'Admin',
  'User',
  'admin@autoservice.com',
  'admin123',
  'Admin',
  'https://images.pexels.com/photos/2379004/pexels-photo-2379004.jpeg?auto=compress&cs=tinysrgb&w=150',
  '(555) 123-4567',
  'Management',
  '2024-03-18T10:30:00Z',
  true,
  '2023-01-01T00:00:00Z',
  '2024-03-18T10:30:00Z'
),
(
  'John',
  'Manager',
  'john.manager@autoservice.com',
  'manager123',
  'Manager',
  null,
  '(555) 234-5678',
  'Operations',
  '2024-03-17T15:45:00Z',
  true,
  '2023-02-15T00:00:00Z',
  '2024-03-17T15:45:00Z'
),
(
  'Sarah',
  'Staff',
  'sarah.staff@autoservice.com',
  'staff123',
  'Staff',
  null,
  '(555) 345-6789',
  'Service',
  '2024-03-18T09:15:00Z',
  true,
  '2023-03-10T00:00:00Z',
  '2024-03-18T09:15:00Z'
);

-- Insert sample customers
INSERT INTO customers (
  id,
  first_name,
  last_name,
  type,
  membership_level,
  storage_location,
  email,
  phone,
  street_address,
  city,
  state,
  zip_code,
  storage_spots,
  show_panda_doc_form,
  date_created,
  password,
  num_rows,
  manual_price,
  created_at,
  updated_at
) VALUES
(
  'c1',
  'John',
  'Doe',
  'Individual',
  'Premium',
  'Moorpark',
  'john.doe@example.com',
  '(555) 123-4567',
  '123 Main St',
  'Anytown',
  'CA',
  '90210',
  2,
  true,
  '2023-01-15',
  'temp123',
  1,
  150.00,
  '2023-01-15T10:30:00Z',
  '2023-01-15T10:30:00Z'
),
(
  'c2',
  'Jane',
  'Smith',
  'Business',
  'VIP',
  'Westlake Village',
  'jane.smith@example.com',
  '(555) 987-6543',
  '456 Oak Ave',
  'Somewhere',
  'NY',
  '10001',
  4,
  false,
  '2023-02-20',
  'secure456',
  2,
  300.00,
  '2023-02-20T14:45:00Z',
  '2023-02-20T14:45:00Z'
),
(
  'c3',
  'Robert',
  'Johnson',
  'Business',
  'Enterprise',
  'Moorpark',
  'robert.j@example.com',
  '(555) 789-0123',
  '789 Pine Rd',
  'Elsewhere',
  'TX',
  '75001',
  8,
  true,
  '2023-03-10',
  'corp789',
  4,
  600.00,
  '2023-03-10T09:15:00Z',
  '2023-03-10T09:15:00Z'
),
(
  'c4',
  'Sarah',
  'Williams',
  'Individual',
  'Basic',
  'Moorpark',
  'sarah.w@example.com',
  '(555) 456-7890',
  '321 Maple Dr',
  'Nowhere',
  'FL',
  '33101',
  1,
  false,
  '2023-04-05',
  'basic321',
  1,
  75.00,
  '2023-04-05T16:20:00Z',
  '2023-04-05T16:20:00Z'
),
(
  'c5',
  'Michael',
  'Brown',
  'Business',
  'Premium',
  'Westlake Village',
  'michael.b@example.com',
  '(555) 234-5678',
  '654 Cedar Ln',
  'Someplace',
  'IL',
  '60007',
  3,
  true,
  '2023-05-12',
  'business654',
  2,
  225.00,
  '2023-05-12T11:10:00Z',
  '2023-05-12T11:10:00Z'
);

-- Insert sample vehicles
INSERT INTO vehicles (
  id,
  customer_id,
  year,
  make,
  model,
  vin,
  storage_location,
  fair_market_value,
  insurance_rider_required,
  insurance_rider_amount,
  license_plate,
  registration_number,
  registration_state,
  registration_expiration_date,
  tire_pressure_default_front,
  tire_pressure_default_rear,
  tire_pressure_preferred_front,
  tire_pressure_preferred_rear,
  last_service_date,
  next_service_date,
  service_interval,
  maintenance_notes,
  odometer,
  image,
  fuel_level,
  battery_type,
  color,
  created_at,
  updated_at
) VALUES
(
  'v1',
  'c1',
  2020,
  'Toyota',
  'Camry',
  '1HGCM82633A123456',
  'Moorpark - Section 1 - Spot 12',
  28500,
  true,
  30000,
  'ABC123',
  'REG123456',
  'CA',
  '2024-12-31',
  32,
  30,
  34,
  32,
  '2023-12-10',
  '2024-06-10',
  6,
  'Oil change every 6 months',
  25000,
  'https://images.pexels.com/photos/116675/pexels-photo-116675.jpeg',
  75,
  'Standard',
  'Silver',
  '2023-01-15T10:35:00Z',
  '2023-12-10T14:35:00Z'
),
(
  'v2',
  'c2',
  2019,
  'Honda',
  'Accord',
  '2HGES16564H789012',
  'Westlake Village - Section 3 - Spot 8',
  24000,
  false,
  null,
  'XYZ789',
  'REG789012',
  'NY',
  '2024-08-15',
  30,
  28,
  32,
  30,
  '2023-11-05',
  '2024-05-05',
  6,
  'Regular maintenance schedule',
  32000,
  'https://images.pexels.com/photos/3802510/pexels-photo-3802510.jpeg',
  50,
  'AGM',
  'Blue',
  '2023-02-20T14:50:00Z',
  '2023-11-05T09:50:00Z'
),
(
  'v3',
  'c3',
  2021,
  'Ford',
  'F-150',
  '1FTFW1ET4DFB12345',
  'Moorpark - Section 2 - Spot 15',
  45000,
  true,
  50000,
  'DEF456',
  'REG456789',
  'TX',
  '2024-10-20',
  35,
  35,
  38,
  38,
  '2024-01-20',
  '2024-07-20',
  6,
  'Heavy duty maintenance schedule',
  18000,
  'https://images.pexels.com/photos/1335077/pexels-photo-1335077.jpeg',
  90,
  'Standard',
  'Black',
  '2023-03-10T09:20:00Z',
  '2024-01-20T13:20:00Z'
),
(
  'v4',
  'c4',
  2018,
  'Chevrolet',
  'Equinox',
  '3GNFK16338G345678',
  'Moorpark - Section 4 - Spot 3',
  18500,
  false,
  null,
  'GHI789',
  'REG345678',
  'FL',
  '2024-06-30',
  30,
  30,
  32,
  32,
  '2023-10-15',
  '2024-04-15',
  6,
  'Standard maintenance',
  45000,
  null,
  25,
  'Standard',
  'Red',
  '2023-04-05T16:25:00Z',
  '2023-10-15T10:35:00Z'
),
(
  'v5',
  'c1',
  2022,
  'Nissan',
  'Altima',
  '1N4AL3AP3DC567890',
  'Moorpark - Section 1 - Spot 13',
  32000,
  true,
  35000,
  'JKL012',
  'REG567890',
  'CA',
  '2025-02-28',
  32,
  30,
  34,
  32,
  '2024-02-08',
  '2024-08-08',
  6,
  'New vehicle maintenance schedule',
  8000,
  'https://images.pexels.com/photos/1545743/pexels-photo-1545743.jpeg',
  85,
  'Lithium',
  'White',
  '2023-06-18T12:40:00Z',
  '2024-02-08T15:50:00Z'
);

-- Insert authorized drivers
INSERT INTO authorized_drivers (
  id,
  vehicle_id,
  name,
  phone,
  email,
  license_number,
  relationship
) VALUES
(
  'ad1',
  'v1',
  'John Doe',
  '(555) 123-4567',
  'john.doe@example.com',
  'D1234567',
  'Owner'
),
(
  'ad2',
  'v1',
  'Jane Doe',
  '(555) 123-4568',
  'jane.doe@example.com',
  'D7654321',
  'Spouse'
),
(
  'ad3',
  'v2',
  'Jane Smith',
  '(555) 987-6543',
  'jane.smith@example.com',
  'NY987654',
  'Owner'
),
(
  'ad4',
  'v3',
  'Robert Johnson',
  '(555) 789-0123',
  'robert.j@example.com',
  'TX789012',
  'Owner'
),
(
  'ad5',
  'v3',
  'Corporate Driver 1',
  '(555) 789-0124',
  'driver1@corp.com',
  'TX789013',
  'Employee'
),
(
  'ad6',
  'v4',
  'Sarah Williams',
  '(555) 456-7890',
  'sarah.w@example.com',
  'FL456789',
  'Owner'
),
(
  'ad7',
  'v5',
  'John Doe',
  '(555) 123-4567',
  'john.doe@example.com',
  'D1234567',
  'Owner'
);

-- Insert authorized contacts
INSERT INTO authorized_contacts (
  id,
  vehicle_id,
  name,
  phone,
  email,
  relationship,
  can_dropoff,
  can_pickup
) VALUES
(
  'ac1',
  'v1',
  'Mike Johnson',
  '(555) 111-2222',
  'mike.j@example.com',
  'Friend',
  true,
  false
),
(
  'ac2',
  'v2',
  'Bob Smith',
  '(555) 333-4444',
  'bob.smith@example.com',
  'Brother',
  true,
  true
),
(
  'ac3',
  'v3',
  'Fleet Manager',
  '(555) 555-6666',
  'fleet@corp.com',
  'Fleet Manager',
  true,
  true
),
(
  'ac4',
  'v5',
  'Emergency Contact',
  '(555) 777-8888',
  'emergency@example.com',
  'Emergency',
  false,
  true
);

-- Insert sample check-in/out records
INSERT INTO check_in_outs (
  id,
  vehicle_id,
  customer_id,
  date,
  type,
  location,
  contact,
  status,
  check_in_date,
  check_out_date,
  fuel_level,
  mileage,
  tire_pressure_passenger_front,
  tire_pressure_passenger_rear,
  tire_pressure_driver_front,
  tire_pressure_driver_rear,
  car_cover,
  kill_switch,
  startup_directions,
  notes,
  signature,
  created_at,
  updated_at
) VALUES
(
  'ci1',
  'v1',
  'c1',
  '2024-03-15',
  'CHECK_OUT',
  'Moorpark',
  'John Doe',
  'CHECKED_OUT',
  '2024-03-15T09:30:00Z',
  '2024-03-15T11:45:00Z',
  75,
  25000,
  34,
  32,
  34,
  32,
  true,
  false,
  'Standard startup procedure',
  'Regular maintenance completed. Oil changed, tires rotated.',
  'data:image/png;base64,iVBORw0KGgoAAAANSUhEUgAAAAEAAAABCAYAAAAfFcSJAAAADUlEQVR42mNkYPhfDwAChwGA60e6kgAAAABJRU5ErkJggg==',
  '2024-03-15T09:30:00Z',
  '2024-03-15T11:45:00Z'
),
(
  'ci2',
  'v2',
  'c2',
  '2024-03-17',
  'CHECK_IN',
  'Westlake Village',
  'Jane Smith',
  'IN_SERVICE',
  '2024-03-17T14:00:00Z',
  null,
  50,
  32000,
  32,
  30,
  32,
  30,
  false,
  true,
  'Press brake pedal before starting',
  'Customer reported squeaking noise when braking. Investigating brake system.',
  null,
  '2024-03-17T14:00:00Z',
  '2024-03-17T14:15:00Z'
),
(
  'ci3',
  'v3',
  'c3',
  '2024-03-16',
  'CHECK_OUT',
  'Moorpark',
  'Robert Johnson',
  'CHECKED_OUT',
  '2024-03-16T12:00:00Z',
  '2024-03-16T13:30:00Z',
  90,
  18000,
  38,
  38,
  38,
  38,
  true,
  false,
  null,
  'Routine maintenance completed. Air filter and wiper blades replaced.',
  'data:image/png;base64,iVBORw0KGgoAAAANSUhEUgAAAAEAAAABCAYAAAAfFcSJAAAADUlEQVR42mNkYPhfDwAChwGA60e6kgAAAABJRU5ErkJggg==',
  '2024-03-16T12:00:00Z',
  '2024-03-16T13:30:00Z'
);

-- Insert sample service items
INSERT INTO service_items (
  id,
  check_in_out_id,
  description,
  cost,
  completed,
  completed_at,
  created_at,
  updated_at
) VALUES
(
  's1',
  'ci1',
  'Oil Change',
  49.99,
  true,
  '2024-03-15T11:30:00Z',
  '2024-03-15T09:30:00Z',
  '2024-03-15T11:30:00Z'
),
(
  's2',
  'ci1',
  'Tire Rotation',
  29.99,
  true,
  '2024-03-15T10:45:00Z',
  '2024-03-15T09:30:00Z',
  '2024-03-15T10:45:00Z'
),
(
  's3',
  'ci2',
  'Brake Pad Replacement',
  249.99,
  false,
  null,
  '2024-03-17T14:15:00Z',
  '2024-03-17T14:15:00Z'
),
(
  's4',
  'ci3',
  'Air Filter Replacement',
  39.99,
  true,
  '2024-03-16T13:20:00Z',
  '2024-03-16T12:00:00Z',
  '2024-03-16T13:20:00Z'
),
(
  's5',
  'ci3',
  'Wiper Blade Replacement',
  24.99,
  true,
  '2024-03-16T12:50:00Z',
  '2024-03-16T12:00:00Z',
  '2024-03-16T12:50:00Z'
);

-- Insert sample vehicle photos
INSERT INTO vehicle_photos (
  id,
  check_in_out_id,
  photo_type,
  photo_url
) VALUES
(
  'vp1',
  'ci1',
  'driverPic',
  'https://images.pexels.com/photos/1545743/pexels-photo-1545743.jpeg'
),
(
  'vp2',
  'ci1',
  'frontPic',
  'https://images.pexels.com/photos/116675/pexels-photo-116675.jpeg'
),
(
  'vp3',
  'ci1',
  'rearPic',
  'https://images.pexels.com/photos/116675/pexels-photo-116675.jpeg'
),
(
  'vp4',
  'ci1',
  'dashboardPics',
  'https://images.pexels.com/photos/1545743/pexels-photo-1545743.jpeg'
),
(
  'vp5',
  'ci2',
  'driverPic',
  'https://images.pexels.com/photos/3802510/pexels-photo-3802510.jpeg'
),
(
  'vp6',
  'ci2',
  'frontPic',
  'https://images.pexels.com/photos/3802510/pexels-photo-3802510.jpeg'
),
(
  'vp7',
  'ci3',
  'driverPic',
  'https://images.pexels.com/photos/1335077/pexels-photo-1335077.jpeg'
),
(
  'vp8',
  'ci3',
  'frontPic',
  'https://images.pexels.com/photos/1335077/pexels-photo-1335077.jpeg'
);